"","Pathogen","AgeGroup","Disease","CostCategory","median","5%","95%"
"1","All gastro pathogens","<5","All Diseases","Deaths",3998758.20633025,1901133.69813899,8038241.24969441
"2","All gastro pathogens","<5","All Diseases","Direct",18500728.5666721,12261604.1364554,28525697.4195365
"3","All gastro pathogens","<5","All Diseases","FrictionHigh",48292381.3526441,24876471.5839384,95462132.3363169
"4","All gastro pathogens","<5","All Diseases","FrictionLow",18109643.0072415,9328676.84397692,35798299.6261188
"5","All gastro pathogens","<5","All Diseases","HumanCapital",60365476.6908051,31095589.4799231,119327665.420396
"6","All gastro pathogens","<5","All Diseases","WTP",9838539.24541062,5936778.44130215,15669146.4357834
"7","All gastro pathogens","<5","Gastroenteritis","Deaths",3998758.20633025,1901133.69813899,8038241.24969441
"8","All gastro pathogens","<5","Gastroenteritis","Direct",18500728.5666721,12261604.1364554,28525697.4195365
"9","All gastro pathogens","<5","Gastroenteritis","FrictionHigh",48292381.3526441,24876471.5839384,95462132.3363169
"10","All gastro pathogens","<5","Gastroenteritis","FrictionLow",18109643.0072415,9328676.84397692,35798299.6261188
"11","All gastro pathogens","<5","Gastroenteritis","HumanCapital",60365476.6908051,31095589.4799231,119327665.420396
"12","All gastro pathogens","<5","Gastroenteritis","WTP",9838539.24541062,5936778.44130215,15669146.4357834
"13","All gastro pathogens","5-64","All Diseases","Deaths",30255197.1858437,15881095.5245466,54404078.5149724
"14","All gastro pathogens","5-64","All Diseases","Direct",163958170.807763,105870051.587238,249967189.794467
"15","All gastro pathogens","5-64","All Diseases","FrictionHigh",921907259.04108,537165378.215019,1578457043.37999
"16","All gastro pathogens","5-64","All Diseases","FrictionLow",345715222.140405,201437016.830632,591921391.267496
"17","All gastro pathogens","5-64","All Diseases","HumanCapital",1152384073.80135,671456722.768774,1973071304.22499
"18","All gastro pathogens","5-64","All Diseases","WTP",120760804.978229,71584462.7597765,194954483.922215
"19","All gastro pathogens","5-64","Gastroenteritis","Deaths",30255197.1858437,15881095.5245466,54404078.5149724
"20","All gastro pathogens","5-64","Gastroenteritis","Direct",163958170.807763,105870051.587238,249967189.794467
"21","All gastro pathogens","5-64","Gastroenteritis","FrictionHigh",921907259.04108,537165378.215019,1578457043.37999
"22","All gastro pathogens","5-64","Gastroenteritis","FrictionLow",345715222.140405,201437016.830632,591921391.267496
"23","All gastro pathogens","5-64","Gastroenteritis","HumanCapital",1152384073.80135,671456722.768774,1973071304.22499
"24","All gastro pathogens","5-64","Gastroenteritis","WTP",120760804.978229,71584462.7597765,194954483.922215
"25","All gastro pathogens","65+","All Diseases","Deaths",148161765.762416,77571362.0288368,254734323.767065
"26","All gastro pathogens","65+","All Diseases","Direct",119393850.857805,71544973.1314205,190197278.895019
"27","All gastro pathogens","65+","All Diseases","FrictionHigh",100624647.661956,27367079.0840936,486458008.031448
"28","All gastro pathogens","65+","All Diseases","FrictionLow",37734242.8732335,10262654.6565351,182421753.011793
"29","All gastro pathogens","65+","All Diseases","HumanCapital",125780809.577445,34208848.855117,608072510.039311
"30","All gastro pathogens","65+","All Diseases","WTP",25762659.857121,15631477.24896,40754066.6761287
"31","All gastro pathogens","65+","Gastroenteritis","Deaths",148161765.762416,77571362.0288368,254734323.767065
"32","All gastro pathogens","65+","Gastroenteritis","Direct",119393850.857805,71544973.1314205,190197278.895019
"33","All gastro pathogens","65+","Gastroenteritis","FrictionHigh",100624647.661956,27367079.0840936,486458008.031448
"34","All gastro pathogens","65+","Gastroenteritis","FrictionLow",37734242.8732335,10262654.6565351,182421753.011793
"35","All gastro pathogens","65+","Gastroenteritis","HumanCapital",125780809.577445,34208848.855117,608072510.039311
"36","All gastro pathogens","65+","Gastroenteritis","WTP",25762659.857121,15631477.24896,40754066.6761287
"37","All gastro pathogens","All Ages","All Diseases","Deaths",187718730.293866,112788517.341953,293077917.1993
"38","All gastro pathogens","All Ages","All Diseases","Direct",306214820.477513,219887387.808693,429211434.475219
"39","All gastro pathogens","All Ages","All Diseases","FrictionHigh",1114017646.20429,642285529.115627,1971472646.4257
"40","All gastro pathogens","All Ages","All Diseases","FrictionLow",417756617.326607,240857073.41836,739302242.409639
"41","All gastro pathogens","All Ages","All Diseases","HumanCapital",1392522057.75536,802856911.394534,2464340808.03213
"42","All gastro pathogens","All Ages","All Diseases","WTP",156495581.849474,93784364.4249094,252066010.148509
"43","All gastro pathogens","All Ages","Gastroenteritis","Deaths",187718730.293866,112788517.341953,293077917.1993
"44","All gastro pathogens","All Ages","Gastroenteritis","Direct",306214820.477513,219887387.808693,429211434.475219
"45","All gastro pathogens","All Ages","Gastroenteritis","FrictionHigh",1114017646.20429,642285529.115627,1971472646.4257
"46","All gastro pathogens","All Ages","Gastroenteritis","FrictionLow",417756617.326607,240857073.41836,739302242.409639
"47","All gastro pathogens","All Ages","Gastroenteritis","HumanCapital",1392522057.75536,802856911.394534,2464340808.03213
"48","All gastro pathogens","All Ages","Gastroenteritis","WTP",156495581.849474,93784364.4249094,252066010.148509
"49","Campylobacter","<5","All Diseases","Deaths",1545073.6675153,470085.713513525,4058077.95870212
"50","Campylobacter","<5","All Diseases","Direct",4371947.84327239,2900252.11215009,6947980.91470678
"51","Campylobacter","<5","All Diseases","FrictionHigh",9887179.29268292,5415979.92562143,17051014.410603
"52","Campylobacter","<5","All Diseases","FrictionLow",3707692.2347561,2030992.47210803,6394130.40397613
"53","Campylobacter","<5","All Diseases","HumanCapital",12358974.1158537,6769974.90702678,21313768.0132538
"54","Campylobacter","<5","All Diseases","WTP",8320926.35705596,4930066.3644714,13819495.5593456
"55","Campylobacter","<5","Campylobacteriosis","Deaths",1159979.25463295,258983.975633846,3658323.96641938
"56","Campylobacter","<5","Campylobacteriosis","Direct",2326081.38711878,1544831.34048509,3728268.7484922
"57","Campylobacter","<5","Campylobacteriosis","FrictionHigh",4508782.88518969,2249950.51204419,8770186.83742552
"58","Campylobacter","<5","Campylobacteriosis","FrictionLow",1690793.58194614,843731.442016572,3288820.06403457
"59","Campylobacter","<5","Campylobacteriosis","HumanCapital",5635978.60648712,2812438.14005524,10962733.5467819
"60","Campylobacter","<5","Campylobacteriosis","WTP",3587400.07360428,2154457.56181322,5860608.2577234
"61","Campylobacter","<5","GBS","Deaths",54444.1024750046,401.599019901696,584038.365881223
"62","Campylobacter","<5","GBS","Direct",279406.283070307,140157.618159441,577571.602906358
"63","Campylobacter","<5","GBS","FrictionHigh",137385.653396518,68897.9779789583,283845.79393851
"64","Campylobacter","<5","GBS","FrictionLow",51519.6200236941,25836.7417421094,106442.172726941
"65","Campylobacter","<5","GBS","HumanCapital",171732.066745647,86122.4724736979,354807.242423137
"66","Campylobacter","<5","GBS","WTP",15648.3479713646,7772.52638722825,32084.8397756544
"67","Campylobacter","<5","IBS","Deaths",20970.9362640712,172.075610334682,198942.872488923
"68","Campylobacter","<5","IBS","Direct",1023959.35560075,606885.064872548,1710957.07420572
"69","Campylobacter","<5","IBS","FrictionHigh",1848119.92120471,1098441.92815171,3094369.91047178
"70","Campylobacter","<5","IBS","FrictionLow",693044.970451767,411915.723056891,1160388.71642692
"71","Campylobacter","<5","IBS","HumanCapital",2310149.90150589,1373052.41018964,3867962.38808973
"72","Campylobacter","<5","IBS","WTP",2848989.95327374,1484580.94195908,5016502.50264061
"73","Campylobacter","<5","ReactiveArthritis","Deaths",60417.7010574588,482.285999677972,616619.298532013
"74","Campylobacter","<5","ReactiveArthritis","Direct",728648.396589752,379029.450713269,1286830.46900603
"75","Campylobacter","<5","ReactiveArthritis","FrictionHigh",3120637.60664864,1456812.28571155,6122002.58579042
"76","Campylobacter","<5","ReactiveArthritis","FrictionLow",1170239.10249324,546304.60714183,2295750.96967141
"77","Campylobacter","<5","ReactiveArthritis","HumanCapital",3900797.00831079,1821015.35713943,7652503.23223803
"78","Campylobacter","<5","ReactiveArthritis","WTP",1869344.28245313,872221.655526455,3706826.43429896
"79","Campylobacter","5-64","All Diseases","Deaths",11925669.2806021,7200042.81776335,19149139.6151636
"80","Campylobacter","5-64","All Diseases","Direct",40119741.1014352,27335296.0882204,58361761.4505428
"81","Campylobacter","5-64","All Diseases","FrictionHigh",94210791.3081785,53343157.1638766,156338565.305094
"82","Campylobacter","5-64","All Diseases","FrictionLow",35329046.7405669,20003683.9364537,58626961.9894102
"83","Campylobacter","5-64","All Diseases","HumanCapital",117763489.135223,66678946.4548458,195423206.631367
"84","Campylobacter","5-64","All Diseases","WTP",60252263.8357605,34598474.3768267,102164355.615114
"85","Campylobacter","5-64","Campylobacteriosis","Deaths",6488517.17515538,2916781.34469635,12418955.3426145
"86","Campylobacter","5-64","Campylobacteriosis","Direct",20234225.5809727,13826318.2474768,31019625.1679528
"87","Campylobacter","5-64","Campylobacteriosis","FrictionHigh",49614888.2623501,28137080.0884784,83999799.4663483
"88","Campylobacter","5-64","Campylobacteriosis","FrictionLow",18605583.0983813,10551405.0331794,31499924.7998806
"89","Campylobacter","5-64","Campylobacteriosis","HumanCapital",62018610.3279376,35171350.1105979,104999749.332935
"90","Campylobacter","5-64","Campylobacteriosis","WTP",25870104.0562689,15633468.7503985,42251990.0886307
"91","Campylobacter","5-64","GBS","Deaths",4771557.80298911,2039854.98024359,9798097.1967293
"92","Campylobacter","5-64","GBS","Direct",2043804.56809062,988947.297089164,4346592.01833734
"93","Campylobacter","5-64","GBS","FrictionHigh",1176845.45230188,569318.516365466,2503225.19332871
"94","Campylobacter","5-64","GBS","FrictionLow",441317.044613204,213494.44363705,938709.447498266
"95","Campylobacter","5-64","GBS","HumanCapital",1471056.81537735,711648.145456832,3129031.49166089
"96","Campylobacter","5-64","GBS","WTP",136749.292902739,65608.9939672593,292499.98399028
"97","Campylobacter","5-64","IBS","Deaths",23372.1262960187,149.393507666801,262976.927331726
"98","Campylobacter","5-64","IBS","Direct",11797311.6622075,7078692.12871121,18794669.9471562
"99","Campylobacter","5-64","IBS","FrictionHigh",15450889.5649288,8914737.84344097,25732171.9224034
"100","Campylobacter","5-64","IBS","FrictionLow",5794083.58684832,3343026.69129037,9649564.47090128
"101","Campylobacter","5-64","IBS","HumanCapital",19313611.9561611,11143422.3043012,32165214.9030042
"102","Campylobacter","5-64","IBS","WTP",20357134.3454084,10972023.1011292,36426644.6630977
"103","Campylobacter","5-64","ReactiveArthritis","Deaths",78786.066515993,494.579733059336,761484.040853695
"104","Campylobacter","5-64","ReactiveArthritis","Direct",5394823.68232743,2941567.27985782,9290434.85474328
"105","Campylobacter","5-64","ReactiveArthritis","FrictionHigh",25636804.2158631,11918666.0855613,52602825.4622247
"106","Campylobacter","5-64","ReactiveArthritis","FrictionLow",9613801.58094865,4469499.78208547,19726059.5483342
"107","Campylobacter","5-64","ReactiveArthritis","HumanCapital",32046005.2698288,14898332.6069516,65753531.8277808
"108","Campylobacter","5-64","ReactiveArthritis","WTP",12964863.4356035,6072834.67415983,27071986.5190201
"109","Campylobacter","65+","All Diseases","Deaths",43290983.8017756,24214447.4826358,70166901.5439653
"110","Campylobacter","65+","All Diseases","Direct",23964380.3259075,17694501.4890805,31502077.0715488
"111","Campylobacter","65+","All Diseases","FrictionHigh",13626479.3910554,6497462.57232233,42806313.1079161
"112","Campylobacter","65+","All Diseases","FrictionLow",5109929.77164577,2436548.46462087,16052367.4154686
"113","Campylobacter","65+","All Diseases","HumanCapital",17033099.2388192,8121828.21540291,53507891.3848952
"114","Campylobacter","65+","All Diseases","WTP",17244889.2196571,9963971.57532387,29060267.0041327
"115","Campylobacter","65+","Campylobacteriosis","Deaths",8615848.49788226,4136014.63606014,16280971.212402
"116","Campylobacter","65+","Campylobacteriosis","Direct",18570210.5079236,13317300.5413635,24567333.2350851
"117","Campylobacter","65+","Campylobacteriosis","FrictionHigh",8119875.11848842,2730143.80303107,36580083.8412135
"118","Campylobacter","65+","Campylobacteriosis","FrictionLow",3044953.16943316,1023803.92613665,13717531.4404551
"119","Campylobacter","65+","Campylobacteriosis","HumanCapital",10149843.8981105,3412679.75378883,45725104.8015169
"120","Campylobacter","65+","Campylobacteriosis","WTP",7453008.28402075,4491229.43830966,12108938.4867679
"121","Campylobacter","65+","GBS","Deaths",31569232.2799487,13482353.1121829,58757462.113992
"122","Campylobacter","65+","GBS","Direct",567922.229824556,282479.2593703,1198082.57013442
"123","Campylobacter","65+","GBS","FrictionHigh",133481.774891285,66437.9403290363,281271.534309365
"124","Campylobacter","65+","GBS","FrictionLow",50055.6655842318,24914.2276233886,105476.825366012
"125","Campylobacter","65+","GBS","HumanCapital",166852.218614106,83047.4254112954,351589.417886706
"126","Campylobacter","65+","GBS","WTP",62186.4870347547,30924.2061517317,130033.792719959
"127","Campylobacter","65+","IBS","Deaths",1452522.96485412,578892.217349743,4358102.27329499
"128","Campylobacter","65+","IBS","Direct",3287682.62152405,2073598.40113516,5193029.065385
"129","Campylobacter","65+","IBS","FrictionHigh",1826558.40092863,1072348.79233999,3017702.51457705
"130","Campylobacter","65+","IBS","FrictionLow",684959.400348237,402130.797127497,1131638.44296639
"131","Campylobacter","65+","IBS","HumanCapital",2283198.00116079,1340435.99042499,3772128.14322131
"132","Campylobacter","65+","IBS","WTP",5750324.65139716,3068221.44262837,10091807.4035499
"133","Campylobacter","65+","ReactiveArthritis","Deaths",110540.362769473,1432.39301462244,1051917.68579097
"134","Campylobacter","65+","ReactiveArthritis","Direct",1482757.39765246,839003.534619419,2427748.94704453
"135","Campylobacter","65+","ReactiveArthritis","FrictionHigh",3091697.30676428,1385700.00540807,5965427.57388207
"136","Campylobacter","65+","ReactiveArthritis","FrictionLow",1159386.4900366,519637.502028025,2237035.34020578
"137","Campylobacter","65+","ReactiveArthritis","HumanCapital",3864621.63345535,1732125.00676008,7456784.46735258
"138","Campylobacter","65+","ReactiveArthritis","WTP",3798214.82806508,1730243.73607212,7454410.68082136
"139","Campylobacter","All Ages","All Diseases","Deaths",57521395.9847604,37532382.5203403,85263045.6559211
"140","Campylobacter","All Ages","All Diseases","Direct",68704992.6426234,50128090.5893852,95206132.871283
"141","Campylobacter","All Ages","All Diseases","FrictionHigh",121139374.660876,67465018.1951445,205297084.782783
"142","Campylobacter","All Ages","All Diseases","FrictionLow",45427265.4978284,25299381.8231792,76986406.7935437
"143","Campylobacter","All Ages","All Diseases","HumanCapital",151424218.326095,84331272.7439306,256621355.978479
"144","Campylobacter","All Ages","All Diseases","WTP",85963496.8189522,50869414.3009834,143753351.185632
"145","Campylobacter","All Ages","Campylobacteriosis","Deaths",17086633.2690883,10595079.2864064,26885829.9549553
"146","Campylobacter","All Ages","Campylobacteriosis","Direct",41412084.0548458,31049781.2515864,55604489.0552282
"147","Campylobacter","All Ages","Campylobacteriosis","FrictionHigh",64395623.1069033,36891264.2204212,118636339.001669
"148","Campylobacter","All Ages","Campylobacteriosis","FrictionLow",24148358.6650887,13834224.0826579,44488627.1256258
"149","Campylobacter","All Ages","Campylobacteriosis","HumanCapital",80494528.8836291,46114080.2755265,148295423.752086
"150","Campylobacter","All Ages","Campylobacteriosis","WTP",36908413.9344572,22311255.4715531,60213017.9886314
"151","Campylobacter","All Ages","GBS","Deaths",36998342.889086,18241618.6630593,63946773.0912936
"152","Campylobacter","All Ages","GBS","Direct",2941864.51076088,1620068.40439505,5705543.32797832
"153","Campylobacter","All Ages","GBS","FrictionHigh",1450839.08092516,775952.362205456,2945115.80558524
"154","Campylobacter","All Ages","GBS","FrictionLow",544064.655346933,290982.135827046,1104418.42709446
"155","Campylobacter","All Ages","GBS","HumanCapital",1813548.85115644,969940.45275682,3681394.75698155
"156","Campylobacter","All Ages","GBS","WTP",218012.846931615,120755.030257337,418165.873092306
"157","Campylobacter","All Ages","IBS","Deaths",1594547.59198356,652001.85835249,4490720.46408481
"158","Campylobacter","All Ages","IBS","Direct",16252662.0672063,9992951.07149224,25164908.5525955
"159","Campylobacter","All Ages","IBS","FrictionHigh",19177549.560459,11136655.8355832,31832409.6619295
"160","Campylobacter","All Ages","IBS","FrictionLow",7191581.08517212,4176245.93834372,11937153.6232236
"161","Campylobacter","All Ages","IBS","HumanCapital",23971936.9505737,13920819.7944791,39790512.0774119
"162","Campylobacter","All Ages","IBS","WTP",29065527.4665839,16488028.4437499,50518774.3752291
"163","Campylobacter","All Ages","ReactiveArthritis","Deaths",430936.463269013,65025.481668561,1760190.07929195
"164","Campylobacter","All Ages","ReactiveArthritis","Direct",7667452.253545,4781828.01602072,12345168.9115509
"165","Campylobacter","All Ages","ReactiveArthritis","FrictionHigh",32101454.4441932,16264761.7023029,63216794.2341468
"166","Campylobacter","All Ages","ReactiveArthritis","FrictionLow",12038045.4165725,6099285.63836359,23706297.8378051
"167","Campylobacter","All Ages","ReactiveArthritis","HumanCapital",40126818.0552415,20330952.1278786,79020992.7926835
"168","Campylobacter","All Ages","ReactiveArthritis","WTP",19072494.5668766,9896787.91196209,35927146.8738959
"169","Escherichia coli (Non-STEC)","<5","All Diseases","Deaths",54061.2921332113,326.627607780589,568572.549038081
"170","Escherichia coli (Non-STEC)","<5","All Diseases","Direct",1239968.04570414,442184.275602826,2992437.83916816
"171","Escherichia coli (Non-STEC)","<5","All Diseases","FrictionHigh",3283283.76445806,1109745.3196716,8020334.5517262
"172","Escherichia coli (Non-STEC)","<5","All Diseases","FrictionLow",1231231.41167177,416154.49487685,3007625.45689732
"173","Escherichia coli (Non-STEC)","<5","All Diseases","HumanCapital",4104104.70557257,1387181.6495895,10025418.1896577
"174","Escherichia coli (Non-STEC)","<5","All Diseases","WTP",613660.381837983,231644.205038597,1358027.87495382
"175","Escherichia coli (Non-STEC)","<5","Escherichia coli (Non-STEC)","Deaths",54061.2921332113,326.627607780589,568572.549038081
"176","Escherichia coli (Non-STEC)","<5","Escherichia coli (Non-STEC)","Direct",1239968.04570414,442184.275602826,2992437.83916816
"177","Escherichia coli (Non-STEC)","<5","Escherichia coli (Non-STEC)","FrictionHigh",3283283.76445806,1109745.3196716,8020334.5517262
"178","Escherichia coli (Non-STEC)","<5","Escherichia coli (Non-STEC)","FrictionLow",1231231.41167177,416154.49487685,3007625.45689732
"179","Escherichia coli (Non-STEC)","<5","Escherichia coli (Non-STEC)","HumanCapital",4104104.70557257,1387181.6495895,10025418.1896577
"180","Escherichia coli (Non-STEC)","<5","Escherichia coli (Non-STEC)","WTP",613660.381837983,231644.205038597,1358027.87495382
"181","Escherichia coli (Non-STEC)","5-64","All Diseases","Deaths",1802402.97076015,585114.589296378,5117840.55998564
"182","Escherichia coli (Non-STEC)","5-64","All Diseases","Direct",16654834.4818344,5877325.69942344,38889350.1881395
"183","Escherichia coli (Non-STEC)","5-64","All Diseases","FrictionHigh",61390954.6240444,22573408.0984233,139905961.543103
"184","Escherichia coli (Non-STEC)","5-64","All Diseases","FrictionLow",23021607.9840166,8465028.03690876,52464735.5786634
"185","Escherichia coli (Non-STEC)","5-64","All Diseases","HumanCapital",76738693.2800555,28216760.1230292,174882451.928878
"186","Escherichia coli (Non-STEC)","5-64","All Diseases","WTP",7738020.24661191,2919001.20651068,17121700.4579129
"187","Escherichia coli (Non-STEC)","5-64","Escherichia coli (Non-STEC)","Deaths",1802402.97076015,585114.589296378,5117840.55998564
"188","Escherichia coli (Non-STEC)","5-64","Escherichia coli (Non-STEC)","Direct",16654834.4818344,5877325.69942344,38889350.1881395
"189","Escherichia coli (Non-STEC)","5-64","Escherichia coli (Non-STEC)","FrictionHigh",61390954.6240444,22573408.0984233,139905961.543103
"190","Escherichia coli (Non-STEC)","5-64","Escherichia coli (Non-STEC)","FrictionLow",23021607.9840166,8465028.03690876,52464735.5786634
"191","Escherichia coli (Non-STEC)","5-64","Escherichia coli (Non-STEC)","HumanCapital",76738693.2800555,28216760.1230292,174882451.928878
"192","Escherichia coli (Non-STEC)","5-64","Escherichia coli (Non-STEC)","WTP",7738020.24661191,2919001.20651068,17121700.4579129
"193","Escherichia coli (Non-STEC)","65+","All Diseases","Deaths",695208.549604203,140474.838440034,2505372.76506456
"194","Escherichia coli (Non-STEC)","65+","All Diseases","Direct",3993040.23844913,1562349.02606177,9143531.99916231
"195","Escherichia coli (Non-STEC)","65+","All Diseases","FrictionHigh",6737230.35817389,1662934.80199637,40414224.7821501
"196","Escherichia coli (Non-STEC)","65+","All Diseases","FrictionLow",2526461.38431521,623600.550748638,15155334.2933063
"197","Escherichia coli (Non-STEC)","65+","All Diseases","HumanCapital",8421537.94771736,2078668.50249546,50517780.9776876
"198","Escherichia coli (Non-STEC)","65+","All Diseases","WTP",1582446.02754662,598263.949897023,3499823.02997471
"199","Escherichia coli (Non-STEC)","65+","Escherichia coli (Non-STEC)","Deaths",695208.549604203,140474.838440034,2505372.76506456
"200","Escherichia coli (Non-STEC)","65+","Escherichia coli (Non-STEC)","Direct",3993040.23844913,1562349.02606177,9143531.99916231
"201","Escherichia coli (Non-STEC)","65+","Escherichia coli (Non-STEC)","FrictionHigh",6737230.35817389,1662934.80199637,40414224.7821501
"202","Escherichia coli (Non-STEC)","65+","Escherichia coli (Non-STEC)","FrictionLow",2526461.38431521,623600.550748638,15155334.2933063
"203","Escherichia coli (Non-STEC)","65+","Escherichia coli (Non-STEC)","HumanCapital",8421537.94771736,2078668.50249546,50517780.9776876
"204","Escherichia coli (Non-STEC)","65+","Escherichia coli (Non-STEC)","WTP",1582446.02754662,598263.949897023,3499823.02997471
"205","Escherichia coli (Non-STEC)","All Ages","All Diseases","Deaths",2924485.23600342,1222014.8608108,6681724.49701918
"206","Escherichia coli (Non-STEC)","All Ages","All Diseases","Direct",21806996.03079,8073202.24168245,49949934.2517797
"207","Escherichia coli (Non-STEC)","All Ages","All Diseases","FrictionHigh",73807796.0119492,26980630.1586175,172641245.317373
"208","Escherichia coli (Non-STEC)","All Ages","All Diseases","FrictionLow",27677923.504481,10117736.3094816,64740466.994015
"209","Escherichia coli (Non-STEC)","All Ages","All Diseases","HumanCapital",92259745.0149365,33725787.6982719,215801556.646717
"210","Escherichia coli (Non-STEC)","All Ages","All Diseases","WTP",9933337.4027805,3749903.05569845,21979551.3628415
"211","Escherichia coli (Non-STEC)","All Ages","Escherichia coli (Non-STEC)","Deaths",2924485.23600342,1222014.8608108,6681724.49701918
"212","Escherichia coli (Non-STEC)","All Ages","Escherichia coli (Non-STEC)","Direct",21806996.03079,8073202.24168245,49949934.2517797
"213","Escherichia coli (Non-STEC)","All Ages","Escherichia coli (Non-STEC)","FrictionHigh",73807796.0119492,26980630.1586175,172641245.317373
"214","Escherichia coli (Non-STEC)","All Ages","Escherichia coli (Non-STEC)","FrictionLow",27677923.504481,10117736.3094816,64740466.994015
"215","Escherichia coli (Non-STEC)","All Ages","Escherichia coli (Non-STEC)","HumanCapital",92259745.0149365,33725787.6982719,215801556.646717
"216","Escherichia coli (Non-STEC)","All Ages","Escherichia coli (Non-STEC)","WTP",9933337.4027805,3749903.05569845,21979551.3628415
"217","Listeria monocytogenes","<5","All Diseases","Deaths",245960.843450229,2804.87502496692,2231292.31635028
"218","Listeria monocytogenes","<5","All Diseases","Direct",334502.20863783,166912.910362268,510860.954016305
"219","Listeria monocytogenes","<5","All Diseases","FrictionHigh",21065.5968941804,10500.8150881335,32150.9536611095
"220","Listeria monocytogenes","<5","All Diseases","FrictionLow",7899.59883531766,3937.80565805005,12056.6076229161
"221","Listeria monocytogenes","<5","All Diseases","HumanCapital",26331.9961177255,13126.0188601668,40188.6920763869
"222","Listeria monocytogenes","<5","All Diseases","WTP",6250.85833648608,3115.93864931932,9540.24980768735
"223","Listeria monocytogenes","<5","Listeriosis","Deaths",245960.843450229,2804.87502496692,2231292.31635028
"224","Listeria monocytogenes","<5","Listeriosis","Direct",334502.20863783,166912.910362268,510860.954016305
"225","Listeria monocytogenes","<5","Listeriosis","FrictionHigh",21065.5968941804,10500.8150881335,32150.9536611095
"226","Listeria monocytogenes","<5","Listeriosis","FrictionLow",7899.59883531766,3937.80565805005,12056.6076229161
"227","Listeria monocytogenes","<5","Listeriosis","HumanCapital",26331.9961177255,13126.0188601668,40188.6920763869
"228","Listeria monocytogenes","<5","Listeriosis","WTP",6250.85833648608,3115.93864931932,9540.24980768735
"229","Listeria monocytogenes","5-64","All Diseases","Deaths",21399665.2702821,12860823.0585225,33571436.9143903
"230","Listeria monocytogenes","5-64","All Diseases","Direct",1003647.58396582,499816.999646914,1532303.64387438
"231","Listeria monocytogenes","5-64","All Diseases","FrictionHigh",69372.218665406,34580.7832608928,105877.986694789
"232","Listeria monocytogenes","5-64","All Diseases","FrictionLow",26014.5819995273,12967.7937228348,39704.2450105459
"233","Listeria monocytogenes","5-64","All Diseases","HumanCapital",86715.2733317575,43225.979076116,132347.483368486
"234","Listeria monocytogenes","5-64","All Diseases","WTP",18752.5750094582,9347.81594795796,28620.749423062
"235","Listeria monocytogenes","5-64","Listeriosis","Deaths",21399665.2702821,12860823.0585225,33571436.9143903
"236","Listeria monocytogenes","5-64","Listeriosis","Direct",1003647.58396582,499816.999646914,1532303.64387438
"237","Listeria monocytogenes","5-64","Listeriosis","FrictionHigh",69372.218665406,34580.7832608928,105877.986694789
"238","Listeria monocytogenes","5-64","Listeriosis","FrictionLow",26014.5819995273,12967.7937228348,39704.2450105459
"239","Listeria monocytogenes","5-64","Listeriosis","HumanCapital",86715.2733317575,43225.979076116,132347.483368486
"240","Listeria monocytogenes","5-64","Listeriosis","WTP",18752.5750094582,9347.81594795796,28620.749423062
"241","Listeria monocytogenes","65+","All Diseases","Deaths",36994587.8505928,21837982.4158083,55927597.2404177
"242","Listeria monocytogenes","65+","All Diseases","Direct",2141309.03428244,1067363.01717169,3269511.83868238
"243","Listeria monocytogenes","65+","All Diseases","FrictionHigh",65749.6104089806,32774.9792464821,100349.051969144
"244","Listeria monocytogenes","65+","All Diseases","FrictionLow",24656.1039033677,12290.6172174308,37630.8944884288
"245","Listeria monocytogenes","65+","All Diseases","HumanCapital",82187.0130112258,40968.7240581026,125436.314961429
"246","Listeria monocytogenes","65+","All Diseases","WTP",40005.4933535109,19942.0073556437,61057.598769199
"247","Listeria monocytogenes","65+","Listeriosis","Deaths",36994587.8505928,21837982.4158083,55927597.2404177
"248","Listeria monocytogenes","65+","Listeriosis","Direct",2141309.03428244,1067363.01717169,3269511.83868238
"249","Listeria monocytogenes","65+","Listeriosis","FrictionHigh",65749.6104089806,32774.9792464821,100349.051969144
"250","Listeria monocytogenes","65+","Listeriosis","FrictionLow",24656.1039033677,12290.6172174308,37630.8944884288
"251","Listeria monocytogenes","65+","Listeriosis","HumanCapital",82187.0130112258,40968.7240581026,125436.314961429
"252","Listeria monocytogenes","65+","Listeriosis","WTP",40005.4933535109,19942.0073556437,61057.598769199
"253","Listeria monocytogenes","All Ages","All Diseases","Deaths",59736535.9423689,40836155.3897919,82339458.9906531
"254","Listeria monocytogenes","All Ages","All Diseases","Direct",3479548.76121964,1734057.43725867,5312584.77146051
"255","Listeria monocytogenes","All Ages","All Diseases","FrictionHigh",156187.425968567,77856.5775955083,238377.992325042
"256","Listeria monocytogenes","All Ages","All Diseases","FrictionLow",58570.2847382126,29196.2165983156,89391.7471218908
"257","Listeria monocytogenes","All Ages","All Diseases","HumanCapital",195234.282460709,97320.7219943854,297972.490406303
"258","Listeria monocytogenes","All Ages","All Diseases","WTP",65008.9266994552,32405.7619529209,99218.5979999484
"259","Listeria monocytogenes","All Ages","Listeriosis","Deaths",59736535.9423689,40836155.3897919,82339458.9906531
"260","Listeria monocytogenes","All Ages","Listeriosis","Direct",3479548.76121964,1734057.43725867,5312584.77146051
"261","Listeria monocytogenes","All Ages","Listeriosis","FrictionHigh",156187.425968567,77856.5775955083,238377.992325042
"262","Listeria monocytogenes","All Ages","Listeriosis","FrictionLow",58570.2847382126,29196.2165983156,89391.7471218908
"263","Listeria monocytogenes","All Ages","Listeriosis","HumanCapital",195234.282460709,97320.7219943854,297972.490406303
"264","Listeria monocytogenes","All Ages","Listeriosis","WTP",65008.9266994552,32405.7619529209,99218.5979999484
"265","Non-typhoidal salmonella","<5","All Diseases","Deaths",2677195.17966867,966737.883285583,6263585.24792026
"266","Non-typhoidal salmonella","<5","All Diseases","Direct",4112952.52003573,2829731.24166385,5966304.34124647
"267","Non-typhoidal salmonella","<5","All Diseases","FrictionHigh",5972612.70262912,3062294.20692602,11655081.7978686
"268","Non-typhoidal salmonella","<5","All Diseases","FrictionLow",2239729.76348592,1148360.32759726,4370655.67420073
"269","Non-typhoidal salmonella","<5","All Diseases","HumanCapital",7465765.8782864,3827867.75865752,14568852.2473358
"270","Non-typhoidal salmonella","<5","All Diseases","WTP",4952022.48284534,2607676.74643586,9398330.71563025
"271","Non-typhoidal salmonella","<5","IBS","Deaths",10086.8460940589,68.0349496927251,104465.779607215
"272","Non-typhoidal salmonella","<5","IBS","Direct",575127.012902956,309645.115161142,1055841.63883412
"273","Non-typhoidal salmonella","<5","IBS","FrictionHigh",1043830.47616815,558886.964823234,1906989.25911056
"274","Non-typhoidal salmonella","<5","IBS","FrictionLow",391436.428563056,209582.611808713,715120.97216646
"275","Non-typhoidal salmonella","<5","IBS","HumanCapital",1304788.09521019,698608.706029042,2383736.5738882
"276","Non-typhoidal salmonella","<5","IBS","WTP",1582345.45646319,795737.121546934,3039508.54152831
"277","Non-typhoidal salmonella","<5","ReactiveArthritis","Deaths",35267.3752861048,319.574983976132,363141.474631861
"278","Non-typhoidal salmonella","<5","ReactiveArthritis","Direct",494548.602286951,150361.416417737,1093756.63227687
"279","Non-typhoidal salmonella","<5","ReactiveArthritis","FrictionHigh",2072061.32819316,575040.830493499,5327088.48102981
"280","Non-typhoidal salmonella","<5","ReactiveArthritis","FrictionLow",777022.998072433,215640.311435062,1997658.18038618
"281","Non-typhoidal salmonella","<5","ReactiveArthritis","HumanCapital",2590076.66024144,718801.038116874,6658860.60128726
"282","Non-typhoidal salmonella","<5","ReactiveArthritis","WTP",1248499.87164832,337773.468942655,3212178.08139782
"283","Non-typhoidal salmonella","<5","Salmonellosis","Deaths",2569897.23416856,895701.021398652,5968141.85689151
"284","Non-typhoidal salmonella","<5","Salmonellosis","Direct",3018118.42130575,2105000.11885566,4193371.158546
"285","Non-typhoidal salmonella","<5","Salmonellosis","FrictionHigh",2677934.94194099,1402647.95083434,5574139.5765059
"286","Non-typhoidal salmonella","<5","Salmonellosis","FrictionLow",1004225.60322787,525992.981562877,2090302.34118971
"287","Non-typhoidal salmonella","<5","Salmonellosis","HumanCapital",3347418.67742623,1753309.93854292,6967674.47063237
"288","Non-typhoidal salmonella","<5","Salmonellosis","WTP",2095226.47605924,1167237.25647697,3681103.79172735
"289","Non-typhoidal salmonella","5-64","All Diseases","Deaths",15313682.9263634,8666820.08077974,26534900.9597758
"290","Non-typhoidal salmonella","5-64","All Diseases","Direct",10869224.0360199,7395708.01280959,16632151.5801855
"291","Non-typhoidal salmonella","5-64","All Diseases","FrictionHigh",20499514.085919,10510644.0462015,39443905.9342494
"292","Non-typhoidal salmonella","5-64","All Diseases","FrictionLow",7687317.78221963,3941491.51732555,14791464.7253435
"293","Non-typhoidal salmonella","5-64","All Diseases","HumanCapital",25624392.6073988,13138305.0577518,49304882.4178117
"294","Non-typhoidal salmonella","5-64","All Diseases","WTP",13046200.6622646,6723204.52218671,24973403.2149636
"295","Non-typhoidal salmonella","5-64","IBS","Deaths",5073.30940072406,58.6520104560832,56663.6864315395
"296","Non-typhoidal salmonella","5-64","IBS","Direct",2417342.00618934,1228100.79283113,4716012.91169763
"297","Non-typhoidal salmonella","5-64","IBS","FrictionHigh",3227469.44241068,1699022.7304706,5728647.03966381
"298","Non-typhoidal salmonella","5-64","IBS","FrictionLow",1210301.04090401,637133.523926474,2148242.63987393
"299","Non-typhoidal salmonella","5-64","IBS","HumanCapital",4034336.80301335,2123778.41308825,7160808.79957976
"300","Non-typhoidal salmonella","5-64","IBS","WTP",4131828.72687558,2176893.03747253,7986853.70362268
"301","Non-typhoidal salmonella","5-64","ReactiveArthritis","Deaths",17394.575615179,121.054136180159,233455.434762241
"302","Non-typhoidal salmonella","5-64","ReactiveArthritis","Direct",1304239.16360901,344598.191472783,3217588.51444718
"303","Non-typhoidal salmonella","5-64","ReactiveArthritis","FrictionHigh",6293408.24800953,1697281.00702314,16724837.6599796
"304","Non-typhoidal salmonella","5-64","ReactiveArthritis","FrictionLow",2360028.09300358,636480.377633679,6271814.12249235
"305","Non-typhoidal salmonella","5-64","ReactiveArthritis","HumanCapital",7866760.31001192,2121601.25877893,20906047.0749745
"306","Non-typhoidal salmonella","5-64","ReactiveArthritis","WTP",3257757.78355981,858084.303056218,8469726.41175863
"307","Non-typhoidal salmonella","5-64","Salmonellosis","Deaths",15281231.7526196,8620598.07279957,26442606.9666717
"308","Non-typhoidal salmonella","5-64","Salmonellosis","Direct",6957176.31153083,4986174.98921746,9879978.66870226
"309","Non-typhoidal salmonella","5-64","Salmonellosis","FrictionHigh",10554100.4810904,6031096.17333437,19005371.2082981
"310","Non-typhoidal salmonella","5-64","Salmonellosis","FrictionLow",3957787.68040889,2261661.06500039,7127014.20311179
"311","Non-typhoidal salmonella","5-64","Salmonellosis","HumanCapital",13192625.601363,7538870.21666796,23756714.0103726
"312","Non-typhoidal salmonella","5-64","Salmonellosis","WTP",5416505.91229008,2970382.20892201,9584000.6089521
"313","Non-typhoidal salmonella","65+","All Diseases","Deaths",36991879.6731064,21555881.0403682,56534076.1890172
"314","Non-typhoidal salmonella","65+","All Diseases","Direct",7228232.37618067,5072399.50282318,9898790.18479865
"315","Non-typhoidal salmonella","65+","All Diseases","FrictionHigh",2531260.33101441,1204687.87454127,7778950.81007296
"316","Non-typhoidal salmonella","65+","All Diseases","FrictionLow",949222.624130403,451757.952952976,2917106.55377736
"317","Non-typhoidal salmonella","65+","All Diseases","HumanCapital",3164075.41376801,1505859.84317659,9723688.51259119
"318","Non-typhoidal salmonella","65+","All Diseases","WTP",3042973.82432564,1607046.48888449,5635196.7225291
"319","Non-typhoidal salmonella","65+","IBS","Deaths",239260.197934163,74483.0386324237,819704.968429718
"320","Non-typhoidal salmonella","65+","IBS","Direct",548824.328740398,278331.06209564,1039780.09872713
"321","Non-typhoidal salmonella","65+","IBS","FrictionHigh",296653.993895424,161470.985810912,548745.527409088
"322","Non-typhoidal salmonella","65+","IBS","FrictionLow",111245.247710784,60551.619679092,205779.572778408
"323","Non-typhoidal salmonella","65+","IBS","HumanCapital",370817.49236928,201838.73226364,685931.90926136
"324","Non-typhoidal salmonella","65+","IBS","WTP",951482.578001276,501886.262178816,1856467.21487339
"325","Non-typhoidal salmonella","65+","ReactiveArthritis","Deaths",20263.3499429396,280.554013095861,237409.125691295
"326","Non-typhoidal salmonella","65+","ReactiveArthritis","Direct",304845.374817007,88082.8158766834,753357.685837992
"327","Non-typhoidal salmonella","65+","ReactiveArthritis","FrictionHigh",621947.390088939,166122.880758797,1520906.83629309
"328","Non-typhoidal salmonella","65+","ReactiveArthritis","FrictionLow",233230.271283352,62296.0802845487,570340.063609907
"329","Non-typhoidal salmonella","65+","ReactiveArthritis","HumanCapital",777434.237611174,207653.600948496,1901133.54536636
"330","Non-typhoidal salmonella","65+","ReactiveArthritis","WTP",773375.809690357,206001.870938404,1939051.32069489
"331","Non-typhoidal salmonella","65+","Salmonellosis","Deaths",36675476.6316763,21267110.1629318,56324072.1431778
"332","Non-typhoidal salmonella","65+","Salmonellosis","Direct",6311276.20929332,4334793.95394258,8883126.80457952
"333","Non-typhoidal salmonella","65+","Salmonellosis","FrictionHigh",1497935.41149492,630482.150865604,6215238.13244564
"334","Non-typhoidal salmonella","65+","Salmonellosis","FrictionLow",561725.779310596,236430.806574601,2330714.29966712
"335","Non-typhoidal salmonella","65+","Salmonellosis","HumanCapital",1872419.26436865,788102.688582005,7769047.66555705
"336","Non-typhoidal salmonella","65+","Salmonellosis","WTP",1269062.11206431,719232.052404837,2205519.06735823
"337","Non-typhoidal salmonella","All Ages","All Diseases","Deaths",55916162.2717833,37595306.0613472,77752567.4564579
"338","Non-typhoidal salmonella","All Ages","All Diseases","Direct",22150122.9166397,16659708.9744568,31414962.3495305
"339","Non-typhoidal salmonella","All Ages","All Diseases","FrictionHigh",29708045.0859442,15639424.682307,56211214.8668235
"340","Non-typhoidal salmonella","All Ages","All Diseases","FrictionLow",11140516.9072291,5864784.25586512,21079205.5750588
"341","Non-typhoidal salmonella","All Ages","All Diseases","HumanCapital",37135056.3574303,19549280.8528837,70264018.5835293
"342","Non-typhoidal salmonella","All Ages","All Diseases","WTP",21247490.239971,11234758.4081074,39245168.7846552
"343","Non-typhoidal salmonella","All Ages","IBS","Deaths",278524.871702937,90485.4242677891,868254.23513932
"344","Non-typhoidal salmonella","All Ages","IBS","Direct",3590751.87046971,1882770.15573668,6650669.42560783
"345","Non-typhoidal salmonella","All Ages","IBS","FrictionHigh",4582518.53647109,2469625.65063574,8145816.36988054
"346","Non-typhoidal salmonella","All Ages","IBS","FrictionLow",1718444.45117666,926109.618988403,3054681.1387052
"347","Non-typhoidal salmonella","All Ages","IBS","HumanCapital",5728148.17058886,3087032.06329468,10182270.4623507
"348","Non-typhoidal salmonella","All Ages","IBS","WTP",6758933.04544107,3578398.31424271,12677289.1122298
"349","Non-typhoidal salmonella","All Ages","ReactiveArthritis","Deaths",135477.560272918,16564.3582813193,637619.583319717
"350","Non-typhoidal salmonella","All Ages","ReactiveArthritis","Direct",2122789.51541108,953679.674252294,4487875.87967146
"351","Non-typhoidal salmonella","All Ages","ReactiveArthritis","FrictionHigh",9338447.80752278,3621323.31721841,22249854.7419828
"352","Non-typhoidal salmonella","All Ages","ReactiveArthritis","FrictionLow",3501917.92782104,1357996.24395691,8343695.52824354
"353","Non-typhoidal salmonella","All Ages","ReactiveArthritis","HumanCapital",11673059.7594035,4526654.14652302,27812318.4274785
"354","Non-typhoidal salmonella","All Ages","ReactiveArthritis","WTP",5407859.78181777,2250205.59425795,12297612.8391113
"355","Non-typhoidal salmonella","All Ages","Salmonellosis","Deaths",55356466.1762142,37028437.0298085,77434154.0483413
"356","Non-typhoidal salmonella","All Ages","Salmonellosis","Direct",16438071.482648,12987321.7118158,20970472.1572342
"357","Non-typhoidal salmonella","All Ages","Salmonellosis","FrictionHigh",15211418.4153672,8483730.85953216,28770814.6708175
"358","Non-typhoidal salmonella","All Ages","Salmonellosis","FrictionLow",5704281.90576271,3181399.07232456,10789055.5015566
"359","Non-typhoidal salmonella","All Ages","Salmonellosis","HumanCapital",19014273.019209,10604663.5744152,35963518.3385219
"360","Non-typhoidal salmonella","All Ages","Salmonellosis","WTP",8774134.32515998,4848610.23960417,15441063.9487971
"361","Norovirus","<5","All Diseases","Deaths",35467.1156829006,472.511953643869,393443.027362616
"362","Norovirus","<5","All Diseases","Direct",1647126.13206684,734998.412872,2760864.57078727
"363","Norovirus","<5","All Diseases","FrictionHigh",3622181.95631993,1050490.31727364,8385101.77320837
"364","Norovirus","<5","All Diseases","FrictionLow",1358318.23361997,393933.868977615,3144413.16495314
"365","Norovirus","<5","All Diseases","HumanCapital",4527727.44539991,1313112.89659205,10481377.2165105
"366","Norovirus","<5","All Diseases","WTP",516281.256602213,178874.448080183,947801.872502533
"367","Norovirus","<5","Norovirus","Deaths",35467.1156829006,472.511953643869,393443.027362616
"368","Norovirus","<5","Norovirus","Direct",1647126.13206684,734998.412872,2760864.57078727
"369","Norovirus","<5","Norovirus","FrictionHigh",3622181.95631993,1050490.31727364,8385101.77320837
"370","Norovirus","<5","Norovirus","FrictionLow",1358318.23361997,393933.868977615,3144413.16495314
"371","Norovirus","<5","Norovirus","HumanCapital",4527727.44539991,1313112.89659205,10481377.2165105
"372","Norovirus","<5","Norovirus","WTP",516281.256602213,178874.448080183,947801.872502533
"373","Norovirus","5-64","All Diseases","Deaths",1421507.10468634,345833.073678553,3801829.04978757
"374","Norovirus","5-64","All Diseases","Direct",8872784.25537034,3071046.55698048,17857331.4437846
"375","Norovirus","5-64","All Diseases","FrictionHigh",67987893.2951559,19451921.1067482,134510600.078038
"376","Norovirus","5-64","All Diseases","FrictionLow",25495459.9856835,7294470.41503056,50441475.0292641
"377","Norovirus","5-64","All Diseases","HumanCapital",84984866.6189449,24314901.3834352,168138250.097547
"378","Norovirus","5-64","All Diseases","WTP",5833836.60066269,1701819.87562974,11318634.5733419
"379","Norovirus","5-64","Norovirus","Deaths",1421507.10468634,345833.073678553,3801829.04978757
"380","Norovirus","5-64","Norovirus","Direct",8872784.25537034,3071046.55698048,17857331.4437846
"381","Norovirus","5-64","Norovirus","FrictionHigh",67987893.2951559,19451921.1067482,134510600.078038
"382","Norovirus","5-64","Norovirus","FrictionLow",25495459.9856835,7294470.41503056,50441475.0292641
"383","Norovirus","5-64","Norovirus","HumanCapital",84984866.6189449,24314901.3834352,168138250.097547
"384","Norovirus","5-64","Norovirus","WTP",5833836.60066269,1701819.87562974,11318634.5733419
"385","Norovirus","65+","All Diseases","Deaths",2350113.15971791,558082.561130849,6056227.32071344
"386","Norovirus","65+","All Diseases","Direct",4767468.35570429,2235059.43666612,7940738.58604531
"387","Norovirus","65+","All Diseases","FrictionHigh",7116811.98257945,1503057.0957438,42050392.477141
"388","Norovirus","65+","All Diseases","FrictionLow",2668804.49346729,563646.410903925,15768897.1789279
"389","Norovirus","65+","All Diseases","HumanCapital",8896014.97822431,1878821.36967975,52562990.5964263
"390","Norovirus","65+","All Diseases","WTP",1237055.48467987,377979.125682163,2338550.56697636
"391","Norovirus","65+","Norovirus","Deaths",2350113.15971791,558082.561130849,6056227.32071344
"392","Norovirus","65+","Norovirus","Direct",4767468.35570429,2235059.43666612,7940738.58604531
"393","Norovirus","65+","Norovirus","FrictionHigh",7116811.98257945,1503057.0957438,42050392.477141
"394","Norovirus","65+","Norovirus","FrictionLow",2668804.49346729,563646.410903925,15768897.1789279
"395","Norovirus","65+","Norovirus","HumanCapital",8896014.97822431,1878821.36967975,52562990.5964263
"396","Norovirus","65+","Norovirus","WTP",1237055.48467987,377979.125682163,2338550.56697636
"397","Norovirus","All Ages","All Diseases","Deaths",4150063.42410982,1725198.24301632,8204354.65637752
"398","Norovirus","All Ages","All Diseases","Direct",15648800.3890619,7509568.93884646,26785333.413538
"399","Norovirus","All Ages","All Diseases","FrictionHigh",84216088.805077,23345685.3641714,165121093.001377
"400","Norovirus","All Ages","All Diseases","FrictionLow",31581033.3019039,8754632.01156425,61920409.8755164
"401","Norovirus","All Ages","All Diseases","HumanCapital",105270111.006346,29182106.7052142,206401366.251721
"402","Norovirus","All Ages","All Diseases","WTP",7588090.49500911,2273327.68844064,14586660.2222239
"403","Norovirus","All Ages","Norovirus","Deaths",4150063.42410982,1725198.24301632,8204354.65637752
"404","Norovirus","All Ages","Norovirus","Direct",15648800.3890619,7509568.93884646,26785333.413538
"405","Norovirus","All Ages","Norovirus","FrictionHigh",84216088.805077,23345685.3641714,165121093.001377
"406","Norovirus","All Ages","Norovirus","FrictionLow",31581033.3019039,8754632.01156425,61920409.8755164
"407","Norovirus","All Ages","Norovirus","HumanCapital",105270111.006346,29182106.7052142,206401366.251721
"408","Norovirus","All Ages","Norovirus","WTP",7588090.49500911,2273327.68844064,14586660.2222239
"409","Salmonella Typhi","<5","All Diseases","Deaths",17644.2630375447,152.840844657878,210938.645114658
"410","Salmonella Typhi","<5","All Diseases","Direct",31751.9944639217,9928.29767113538,70285.8831301853
"411","Salmonella Typhi","<5","All Diseases","FrictionHigh",2623.45524438968,819.696834954142,5794.62733972803
"412","Salmonella Typhi","<5","All Diseases","FrictionLow",983.79571664613,307.386313107803,2172.98525239801
"413","Salmonella Typhi","<5","All Diseases","HumanCapital",3279.3190554871,1024.62104369268,7243.28417466004
"414","Salmonella Typhi","<5","All Diseases","WTP",2109.32471450399,659.057095053171,4659.0277021754
"415","Salmonella Typhi","<5","Typhoid Fever","Deaths",17644.2630375447,152.840844657878,210938.645114658
"416","Salmonella Typhi","<5","Typhoid Fever","Direct",31751.9944639217,9928.29767113538,70285.8831301853
"417","Salmonella Typhi","<5","Typhoid Fever","FrictionHigh",2623.45524438968,819.696834954142,5794.62733972803
"418","Salmonella Typhi","<5","Typhoid Fever","FrictionLow",983.79571664613,307.386313107803,2172.98525239801
"419","Salmonella Typhi","<5","Typhoid Fever","HumanCapital",3279.3190554871,1024.62104369268,7243.28417466004
"420","Salmonella Typhi","<5","Typhoid Fever","WTP",2109.32471450399,659.057095053171,4659.0277021754
"421","Salmonella Typhi","5-64","All Diseases","Deaths",17240.6817731171,160.016445930527,191599.263816515
"422","Salmonella Typhi","5-64","All Diseases","Direct",232961.35441427,72881.1826070661,516269.549033386
"423","Salmonella Typhi","5-64","All Diseases","FrictionHigh",25055.6412589419,7828.61833897191,55342.3216058176
"424","Salmonella Typhi","5-64","All Diseases","FrictionLow",9395.86547210321,2935.73187711447,20753.3706021816
"425","Salmonella Typhi","5-64","All Diseases","HumanCapital",31319.5515736774,9785.77292371489,69177.902007272
"426","Salmonella Typhi","5-64","All Diseases","WTP",15468.3812396959,4833.08536372326,34166.2031492863
"427","Salmonella Typhi","5-64","Typhoid Fever","Deaths",17240.6817731171,160.016445930527,191599.263816515
"428","Salmonella Typhi","5-64","Typhoid Fever","Direct",232961.35441427,72881.1826070661,516269.549033386
"429","Salmonella Typhi","5-64","Typhoid Fever","FrictionHigh",25055.6412589419,7828.61833897191,55342.3216058176
"430","Salmonella Typhi","5-64","Typhoid Fever","FrictionLow",9395.86547210321,2935.73187711447,20753.3706021816
"431","Salmonella Typhi","5-64","Typhoid Fever","HumanCapital",31319.5515736774,9785.77292371489,69177.902007272
"432","Salmonella Typhi","5-64","Typhoid Fever","WTP",15468.3812396959,4833.08536372326,34166.2031492863
"433","Salmonella Typhi","65+","All Diseases","Deaths",22739.9713541128,166.506579220932,241646.009896004
"434","Salmonella Typhi","65+","All Diseases","Direct",2645.14506234716,829.754250124229,5862.79461522891
"435","Salmonella Typhi","65+","All Diseases","FrictionHigh",200.549615324657,62.6615930591703,442.969357459937
"436","Salmonella Typhi","65+","All Diseases","FrictionLow",75.2061057467465,23.4980973971889,166.113509047476
"437","Salmonella Typhi","65+","All Diseases","HumanCapital",250.687019155822,78.3269913239629,553.711696824922
"438","Salmonella Typhi","65+","All Diseases","WTP",175.777059541999,54.9214245877643,388.252308514617
"439","Salmonella Typhi","65+","Typhoid Fever","Deaths",22739.9713541128,166.506579220932,241646.009896004
"440","Salmonella Typhi","65+","Typhoid Fever","Direct",2645.14506234716,829.754250124229,5862.79461522891
"441","Salmonella Typhi","65+","Typhoid Fever","FrictionHigh",200.549615324657,62.6615930591703,442.969357459937
"442","Salmonella Typhi","65+","Typhoid Fever","FrictionLow",75.2061057467465,23.4980973971889,166.113509047476
"443","Salmonella Typhi","65+","Typhoid Fever","HumanCapital",250.687019155822,78.3269913239629,553.711696824922
"444","Salmonella Typhi","65+","Typhoid Fever","WTP",175.777059541999,54.9214245877643,388.252308514617
"445","Salmonella Typhi","All Ages","All Diseases","Deaths",106116.847436612,13850.5644795502,443242.043859406
"446","Salmonella Typhi","All Ages","All Diseases","Direct",267351.323476637,83628.9712882559,592418.51424697
"447","Salmonella Typhi","All Ages","All Diseases","FrictionHigh",27879.6461186562,8710.97676698523,61579.9183030056
"448","Salmonella Typhi","All Ages","All Diseases","FrictionLow",10454.8672944961,3266.61628761946,23092.4693636271
"449","Salmonella Typhi","All Ages","All Diseases","HumanCapital",34849.5576483203,10888.7209587315,76974.897878757
"450","Salmonella Typhi","All Ages","All Diseases","WTP",17753.4830137419,5547.06388336419,39213.4831599763
"451","Salmonella Typhi","All Ages","Typhoid Fever","Deaths",106116.847436612,13850.5644795502,443242.043859406
"452","Salmonella Typhi","All Ages","Typhoid Fever","Direct",267351.323476637,83628.9712882559,592418.51424697
"453","Salmonella Typhi","All Ages","Typhoid Fever","FrictionHigh",27879.6461186562,8710.97676698523,61579.9183030056
"454","Salmonella Typhi","All Ages","Typhoid Fever","FrictionLow",10454.8672944961,3266.61628761946,23092.4693636271
"455","Salmonella Typhi","All Ages","Typhoid Fever","HumanCapital",34849.5576483203,10888.7209587315,76974.897878757
"456","Salmonella Typhi","All Ages","Typhoid Fever","WTP",17753.4830137419,5547.06388336419,39213.4831599763
"457","Shigella","<5","All Diseases","Deaths",137456.919074444,23718.6816970657,514363.739762213
"458","Shigella","<5","All Diseases","Direct",104897.917070753,65975.7546199928,163104.055525213
"459","Shigella","<5","All Diseases","FrictionHigh",112068.548257725,41199.3217085979,248944.40639448
"460","Shigella","<5","All Diseases","FrictionLow",42025.7055966469,15449.7456407242,93354.1523979301
"461","Shigella","<5","All Diseases","HumanCapital",140085.685322156,51499.1521357474,311180.5079931
"462","Shigella","<5","All Diseases","WTP",92150.7015752196,32634.4393521504,208662.245579185
"463","Shigella","<5","IBS","Deaths",189.074914527584,1.23110759684728,2635.86143170822
"464","Shigella","<5","IBS","Direct",11105.8785146934,3858.47300919343,25311.6359864816
"465","Shigella","<5","IBS","FrictionHigh",20186.7816308343,6963.98890049509,45806.5734011487
"466","Shigella","<5","IBS","FrictionLow",7570.04311156285,2611.49583768566,17177.4650254307
"467","Shigella","<5","IBS","HumanCapital",25233.4770385428,8704.98612561886,57258.2167514358
"468","Shigella","<5","IBS","WTP",30506.4160927589,10153.7822124737,71427.1675737908
"469","Shigella","<5","ReactiveArthritis","Deaths",560.814475379912,3.9901551249122,8254.70827715888
"470","Shigella","<5","ReactiveArthritis","Direct",8616.83863098551,2679.66550116734,21931.156164978
"471","Shigella","<5","ReactiveArthritis","FrictionHigh",37480.8296163418,11958.0280387008,89437.2277054333
"472","Shigella","<5","ReactiveArthritis","FrictionLow",14055.3111061282,4484.26051451279,33538.9603895375
"473","Shigella","<5","ReactiveArthritis","HumanCapital",46851.0370204273,14947.535048376,111796.534631792
"474","Shigella","<5","ReactiveArthritis","WTP",22315.6743280532,7260.2847214913,53363.2834770579
"475","Shigella","<5","Shigellosis","Deaths",136272.814670451,21770.3025609285,514305.434681877
"476","Shigella","<5","Shigellosis","Direct",84940.8363901167,54523.6740540223,126648.561181222
"477","Shigella","<5","Shigellosis","FrictionHigh",52898.105304859,20766.2337016014,126003.7900439
"478","Shigella","<5","Shigellosis","FrictionLow",19836.7894893221,7787.33763810053,47251.4212664625
"479","Shigella","<5","Shigellosis","HumanCapital",66122.6316310738,25957.7921270018,157504.737554875
"480","Shigella","<5","Shigellosis","WTP",39616.4061026874,14761.7817824531,88177.1081195577
"481","Shigella","5-64","All Diseases","Deaths",462043.272989207,129999.685058341,1280833.46782156
"482","Shigella","5-64","All Diseases","Direct",542948.223613279,341320.472651661,909893.897879104
"483","Shigella","5-64","All Diseases","FrictionHigh",797669.817932582,287063.546370965,1782085.6514494
"484","Shigella","5-64","All Diseases","FrictionLow",299126.181724718,107648.829889112,668282.119293525
"485","Shigella","5-64","All Diseases","HumanCapital",997087.272415727,358829.432963706,2227607.06431175
"486","Shigella","5-64","All Diseases","WTP",520364.578886941,180397.149790705,1165818.80261599
"487","Shigella","5-64","IBS","Deaths",194.488229227125,1.58193002925771,2688.36457516976
"488","Shigella","5-64","IBS","Direct",99664.527331677,32220.915285785,238255.288754532
"489","Shigella","5-64","IBS","FrictionHigh",131490.322070291,43983.7494063896,299706.391119406
"490","Shigella","5-64","IBS","FrictionLow",49308.8707763591,16493.9060273961,112389.896669777
"491","Shigella","5-64","IBS","HumanCapital",164362.902587864,54979.686757987,374632.988899257
"492","Shigella","5-64","IBS","WTP",171316.499745395,53965.7357453359,403728.569819373
"493","Shigella","5-64","ReactiveArthritis","Deaths",659.088293164873,5.9117108878591,8181.95198320678
"494","Shigella","5-64","ReactiveArthritis","Direct",48410.8069999842,15373.8859179516,132570.217106771
"495","Shigella","5-64","ReactiveArthritis","FrictionHigh",244413.802374728,76167.7798598846,558923.589556123
"496","Shigella","5-64","ReactiveArthritis","FrictionLow",91655.1758905231,28562.9174474567,209596.346083546
"497","Shigella","5-64","ReactiveArthritis","HumanCapital",305517.25296841,95209.7248248557,698654.486945154
"498","Shigella","5-64","ReactiveArthritis","WTP",123684.370692297,38905.940996516,288662.665731523
"499","Shigella","5-64","Shigellosis","Deaths",458507.935343942,126998.019385326,1279327.24758483
"500","Shigella","5-64","Shigellosis","Direct",388567.344229451,268162.979313828,582260.505863568
"501","Shigella","5-64","Shigellosis","FrictionHigh",421476.272951656,157046.597378646,938771.425655182
"502","Shigella","5-64","Shigellosis","FrictionLow",158053.602356871,58892.4740169924,352039.284620693
"503","Shigella","5-64","Shigellosis","HumanCapital",526845.34118957,196308.246723308,1173464.28206898
"504","Shigella","5-64","Shigellosis","WTP",216675.692069494,78946.5735003425,485771.147889551
"505","Shigella","65+","All Diseases","Deaths",37134.2970495862,3652.25264115699,279360.751992163
"506","Shigella","65+","All Diseases","Direct",91761.8860481668,53078.2941507577,145780.951076589
"507","Shigella","65+","All Diseases","FrictionHigh",45211.9538424627,14370.0692128836,167206.729660143
"508","Shigella","65+","All Diseases","FrictionLow",16954.4826909235,5388.77595483135,62702.5236225536
"509","Shigella","65+","All Diseases","HumanCapital",56514.9423030784,17962.5865161045,209008.412075179
"510","Shigella","65+","All Diseases","WTP",56810.6147012232,19516.4206735317,127366.114473482
"511","Shigella","65+","IBS","Deaths",4716.86823477417,969.56860840255,20458.435605534
"512","Shigella","65+","IBS","Direct",10683.7798255472,3613.23871027464,26144.8287701137
"513","Shigella","65+","IBS","FrictionHigh",5939.0598576613,2050.9586120765,13379.5634174704
"514","Shigella","65+","IBS","FrictionLow",2227.14744662299,769.109479528689,5017.33628155142
"515","Shigella","65+","IBS","HumanCapital",7423.82482207663,2563.69826509563,16724.4542718381
"516","Shigella","65+","IBS","WTP",19071.6194949748,6165.02177971126,45228.0494379165
"517","Shigella","65+","ReactiveArthritis","Deaths",396.20459891218,4.77924793930654,3979.79844315436
"518","Shigella","65+","ReactiveArthritis","Direct",5228.33215560518,1673.03982394256,14107.0950775749
"519","Shigella","65+","ReactiveArthritis","FrictionHigh",11003.7678457565,3567.18067147591,25650.7667485295
"520","Shigella","65+","ReactiveArthritis","FrictionLow",4126.4129421587,1337.69275180347,9619.03753069857
"521","Shigella","65+","ReactiveArthritis","HumanCapital",13754.7098071957,4458.97583934489,32063.4584356619
"522","Shigella","65+","ReactiveArthritis","WTP",13667.5719377642,4412.19264159496,31672.8446883565
"523","Shigella","65+","Shigellosis","Deaths",27906.5536447082,231.229100208799,272368.785248232
"524","Shigella","65+","Shigellosis","Direct",73811.2206499642,42330.5776413366,116576.191944246
"525","Shigella","65+","Shigellosis","FrictionHigh",25739.3813908924,6548.80366219547,135870.916595966
"526","Shigella","65+","Shigellosis","FrictionLow",9652.26802158466,2455.8013733233,50951.5937234874
"527","Shigella","65+","Shigellosis","HumanCapital",32174.2267386155,8186.00457774433,169838.645744958
"528","Shigella","65+","Shigellosis","WTP",24009.8349032182,8701.55048247779,54041.7910309726
"529","Shigella","All Ages","All Diseases","Deaths",740392.389733065,301687.802984651,1631630.96155298
"530","Shigella","All Ages","All Diseases","Direct",744175.622870689,486566.939213992,1189409.90545842
"531","Shigella","All Ages","All Diseases","FrictionHigh",962907.267520656,348947.451752515,2172890.20138133
"532","Shigella","All Ages","All Diseases","FrictionLow",361090.225320246,130855.294407193,814833.825517997
"533","Shigella","All Ages","All Diseases","HumanCapital",1203634.08440082,436184.314690643,2716112.75172666
"534","Shigella","All Ages","All Diseases","WTP",671138.615474845,234599.134263002,1504542.19961194
"535","Shigella","All Ages","IBS","Deaths",5810.24378660797,1368.1993526091,23914.268126734
"536","Shigella","All Ages","IBS","Direct",121977.732204725,40641.0958404206,290018.251041117
"537","Shigella","All Ages","IBS","FrictionHigh",157819.245307482,53593.1993300119,352639.142637536
"538","Shigella","All Ages","IBS","FrictionLow",59182.2169903058,20097.4497487545,132239.678489076
"539","Shigella","All Ages","IBS","HumanCapital",197274.056634353,66991.4991625149,440798.92829692
"540","Shigella","All Ages","IBS","WTP",222534.894087055,71408.3909647458,516831.203582001
"541","Shigella","All Ages","ReactiveArthritis","Deaths",2931.81813744116,385.830698957015,16491.4906752654
"542","Shigella","All Ages","ReactiveArthritis","Direct",63259.6719108863,21710.9010172303,162215.858962251
"543","Shigella","All Ages","ReactiveArthritis","FrictionHigh",291855.80766739,95762.9342821624,668935.459117885
"544","Shigella","All Ages","ReactiveArthritis","FrictionLow",109445.927875271,35911.1003558109,250850.797169207
"545","Shigella","All Ages","ReactiveArthritis","HumanCapital",364819.759584237,119703.667852703,836169.323897356
"546","Shigella","All Ages","ReactiveArthritis","WTP",160571.171015904,52752.4998463625,370548.299156858
"547","Shigella","All Ages","Shigellosis","Deaths",725928.970077931,287078.62915757,1615695.14860383
"548","Shigella","All Ages","Shigellosis","Direct",553358.964781364,405135.770849781,776068.966750855
"549","Shigella","All Ages","Shigellosis","FrictionHigh",516077.525039426,194395.782556044,1132551.50413843
"550","Shigella","All Ages","Shigellosis","FrictionLow",193529.071889785,72898.4184585165,424706.814051913
"551","Shigella","All Ages","Shigellosis","HumanCapital",645096.906299282,242994.728195055,1415689.38017304
"552","Shigella","All Ages","Shigellosis","WTP",280443.896857905,102373.349274444,627505.472403617
"553","STEC","<5","All Diseases","Deaths",808354.270504614,180652.846841404,2477533.63047222
"554","STEC","<5","All Diseases","Direct",104194.750693177,44831.9396695392,252509.606543026
"555","STEC","<5","All Diseases","FrictionHigh",114120.564505229,44556.427324021,272975.333206339
"556","STEC","<5","All Diseases","FrictionLow",42795.2116894608,16708.6602465079,102365.749952377
"557","STEC","<5","All Diseases","HumanCapital",142650.705631536,55695.5341550262,341219.166507923
"558","STEC","<5","All Diseases","WTP",83535.0529515806,35644.9744552848,194720.232877854
"559","STEC","<5","HUS","Deaths",526731.249844907,88072.4073674603,1779534.96672937
"560","STEC","<5","HUS","Direct",73491.5317556125,28491.5579514719,188547.247565775
"561","STEC","<5","HUS","FrictionHigh",43809.7831618044,17013.2067712951,113779.798607208
"562","STEC","<5","HUS","FrictionLow",16428.6686856766,6379.95253923567,42667.4244777031
"563","STEC","<5","HUS","HumanCapital",54762.2289522554,21266.5084641189,142224.74825901
"564","STEC","<5","HUS","WTP",27989.4704809063,10858.3987280158,73248.1059195773
"565","STEC","<5","STEC","Deaths",136337.841982241,863.187903986554,1405403.74612671
"566","STEC","<5","STEC","Direct",31964.3064334134,16097.4980931978,67799.83200777
"567","STEC","<5","STEC","FrictionHigh",68313.5057304917,25762.6881113025,172228.536759583
"568","STEC","<5","STEC","FrictionLow",25617.5646489344,9661.00804173842,64585.7012848435
"569","STEC","<5","STEC","HumanCapital",85391.8821631146,32203.3601391281,215285.670949478
"570","STEC","<5","STEC","WTP",54916.5824595144,24426.4256509906,124956.693021902
"571","STEC","5-64","All Diseases","Deaths",6159998.91438555,2926891.53035267,11871012.3498325
"572","STEC","5-64","All Diseases","Direct",477993.045794147,214974.565471828,1079915.76943041
"573","STEC","5-64","All Diseases","FrictionHigh",690237.317530899,294537.534193661,1541988.2155102
"574","STEC","5-64","All Diseases","FrictionLow",258838.994074087,110451.575322623,578245.580816325
"575","STEC","5-64","All Diseases","HumanCapital",862796.646913623,368171.917742076,1927485.26938775
"576","STEC","5-64","All Diseases","WTP",1670581624766,866739416906.067,2795733724504.42
"577","STEC","5-64","HUS","Deaths",5890647.41101594,2710621.63304786,11515905.5937913
"578","STEC","5-64","HUS","Direct",322402.170738271,121291.917865415,786167.303869283
"579","STEC","5-64","HUS","FrictionHigh",225435.29641255,85399.4286236981,551017.773224579
"580","STEC","5-64","HUS","FrictionLow",84538.2361547063,32024.7857338868,206631.664959217
"581","STEC","5-64","HUS","HumanCapital",281794.120515688,106749.285779623,688772.216530724
"582","STEC","5-64","HUS","WTP",122168.701049168,45822.9413192991,303718.461173335
"583","STEC","5-64","STEC","Deaths",140685.471443905,1309.80485854851,1262327.94000151
"584","STEC","5-64","STEC","Direct",145719.181901107,81764.0971745022,301448.850873974
"585","STEC","5-64","STEC","FrictionHigh",461101.006675666,202890.40380795,1023434.72517338
"586","STEC","5-64","STEC","FrictionLow",172912.877503375,76083.9014279812,383788.021940019
"587","STEC","5-64","STEC","HumanCapital",576376.258344582,253613.004759937,1279293.40646673
"588","STEC","5-64","STEC","WTP",1670581434713.23,866739343574.603,2795733637652.56
"589","STEC","65+","All Diseases","Deaths",1361087.5880922,413648.138612362,3758072.69953644
"590","STEC","65+","All Diseases","Direct",132774.775616066,63876.7013771408,304089.53127617
"591","STEC","65+","All Diseases","FrictionHigh",91573.5638118766,29746.4976070656,360276.243596673
"592","STEC","65+","All Diseases","FrictionLow",34340.0864294537,11154.9366026496,135103.591348752
"593","STEC","65+","All Diseases","HumanCapital",114466.954764846,37183.122008832,450345.304495841
"594","STEC","65+","All Diseases","WTP",419867231869.285,220242807796.783,706657320790.464
"595","STEC","65+","HUS","Deaths",988443.052489488,237132.039931421,3058106.22190211
"596","STEC","65+","HUS","Direct",83798.677215557,32834.9488803026,216814.100417948
"597","STEC","65+","HUS","FrictionHigh",24158.0338432672,9503.92058032697,62770.4167481582
"598","STEC","65+","HUS","FrictionLow",9059.2626912252,3563.97021762261,23538.9062805593
"599","STEC","65+","HUS","HumanCapital",30197.542304084,11879.9007254087,78463.0209351978
"600","STEC","65+","HUS","WTP",32110.2306783264,12209.2089208505,85013.3430934003
"601","STEC","65+","STEC","Deaths",184542.906033292,1695.39741194376,1655238.37200558
"602","STEC","65+","STEC","Direct",48145.0940300218,28545.3051813375,87268.1221044783
"603","STEC","65+","STEC","FrictionHigh",62819.5713351367,15831.2883131711,317195.760921836
"604","STEC","65+","STEC","FrictionLow",23557.3392506763,5936.73311743916,118948.410345688
"605","STEC","65+","STEC","HumanCapital",78524.4641689209,19789.1103914639,396494.701152295
"606","STEC","65+","STEC","WTP",419867183337.271,220242733974.332,706657245920.05
"607","STEC","All Ages","All Diseases","Deaths",8918578.59182693,4951912.19098375,15352394.8589926
"608","STEC","All Ages","All Diseases","Direct",728540.334401212,336854.803355408,1569239.61959727
"609","STEC","All Ages","All Diseases","FrictionHigh",920664.425513581,397487.321207284,2082113.93275263
"610","STEC","All Ages","All Diseases","FrictionLow",345249.159567593,149057.745452732,780792.724782235
"611","STEC","All Ages","All Diseases","HumanCapital",1150830.53189198,496859.151509105,2602642.41594078
"612","STEC","All Ages","All Diseases","WTP",2109303167748.5,1277747489385.41,3240528026138.63
"613","STEC","All Ages","HUS","Deaths",7807094.22779109,4063085.26090325,13968166.4989288
"614","STEC","All Ages","HUS","Direct",496373.163820435,198326.965564153,1136196.05441789
"615","STEC","All Ages","HUS","FrictionHigh",304571.104454233,119145.708507187,707205.200200698
"616","STEC","All Ages","HUS","FrictionLow",114214.164170337,44679.6406901952,265201.950075262
"617","STEC","All Ages","HUS","HumanCapital",380713.880567791,148932.135633984,884006.500250872
"618","STEC","All Ages","HUS","WTP",186891.083262018,75481.3570419794,439527.502651543
"619","STEC","All Ages","STEC","Deaths",843274.295460225,107091.239000044,2966694.94992159
"620","STEC","All Ages","STEC","Direct",226013.771961029,131515.500891246,439732.804468299
"621","STEC","All Ages","STEC","FrictionHigh",614135.805458045,263793.341045312,1407154.76161775
"622","STEC","All Ages","STEC","FrictionLow",230300.927046767,98922.5028919919,527683.035606656
"623","STEC","All Ages","STEC","HumanCapital",767669.756822556,329741.67630664,1758943.45202219
"624","STEC","All Ages","STEC","WTP",2109303027106.43,1277747263849.86,3240527747632.16
"625","Toxoplasma gondii","<5","All Diseases","Deaths",67571.9981364148,476.776305005441,712570.269325566
"626","Toxoplasma gondii","<5","All Diseases","Direct",163343.273885926,88459.061576335,280457.067517697
"627","Toxoplasma gondii","<5","All Diseases","FrictionHigh",442489.576806797,161961.138176313,1073859.36083108
"628","Toxoplasma gondii","<5","All Diseases","FrictionLow",165933.591302549,60735.4268161172,402697.260311653
"629","Toxoplasma gondii","<5","All Diseases","HumanCapital",553111.971008496,202451.422720391,1342324.20103884
"630","Toxoplasma gondii","<5","All Diseases","WTP",148866.515986561,59604.799518575,290097.308784626
"631","Toxoplasma gondii","<5","Toxoplasmosis","Deaths",67571.9981364148,476.776305005441,712570.269325566
"632","Toxoplasma gondii","<5","Toxoplasmosis","Direct",163343.273885926,88459.061576335,280457.067517697
"633","Toxoplasma gondii","<5","Toxoplasmosis","FrictionHigh",442489.576806797,161961.138176313,1073859.36083108
"634","Toxoplasma gondii","<5","Toxoplasmosis","FrictionLow",165933.591302549,60735.4268161172,402697.260311653
"635","Toxoplasma gondii","<5","Toxoplasmosis","HumanCapital",553111.971008496,202451.422720391,1342324.20103884
"636","Toxoplasma gondii","<5","Toxoplasmosis","WTP",148866.515986561,59604.799518575,290097.308784626
"637","Toxoplasma gondii","5-64","All Diseases","Deaths",2527744.50825171,818788.592704487,5991227.9822966
"638","Toxoplasma gondii","5-64","All Diseases","Direct",1720318.30666919,854587.79949372,2848600.86909577
"639","Toxoplasma gondii","5-64","All Diseases","FrictionHigh",3258307.48932765,1418114.5786946,5939698.65343318
"640","Toxoplasma gondii","5-64","All Diseases","FrictionLow",1221865.30849787,531792.967010475,2227386.99503744
"641","Toxoplasma gondii","5-64","All Diseases","HumanCapital",4072884.36165956,1772643.22336825,7424623.31679147
"642","Toxoplasma gondii","5-64","All Diseases","WTP",682362.879767011,289736.588240638,1249884.91115533
"643","Toxoplasma gondii","5-64","Toxoplasmosis","Deaths",2527744.50825171,818788.592704487,5991227.9822966
"644","Toxoplasma gondii","5-64","Toxoplasmosis","Direct",1720318.30666919,854587.79949372,2848600.86909577
"645","Toxoplasma gondii","5-64","Toxoplasmosis","FrictionHigh",3258307.48932765,1418114.5786946,5939698.65343318
"646","Toxoplasma gondii","5-64","Toxoplasmosis","FrictionLow",1221865.30849787,531792.967010475,2227386.99503744
"647","Toxoplasma gondii","5-64","Toxoplasmosis","HumanCapital",4072884.36165956,1772643.22336825,7424623.31679147
"648","Toxoplasma gondii","5-64","Toxoplasmosis","WTP",682362.879767011,289736.588240638,1249884.91115533
"649","Toxoplasma gondii","65+","All Diseases","Deaths",1604402.80373151,432004.290500627,4248304.64408668
"650","Toxoplasma gondii","65+","All Diseases","Direct",434888.341250861,171845.567182693,810862.597256147
"651","Toxoplasma gondii","65+","All Diseases","FrictionHigh",63376.8040260809,15375.501435696,313875.971609147
"652","Toxoplasma gondii","65+","All Diseases","FrictionLow",23766.3015097803,5765.81303838601,117703.48935343
"653","Toxoplasma gondii","65+","All Diseases","HumanCapital",79221.0050326012,19219.37679462,392344.964511434
"654","Toxoplasma gondii","65+","All Diseases","WTP",31265.9624648493,13134.6162283515,55566.6359495239
"655","Toxoplasma gondii","65+","Toxoplasmosis","Deaths",1604402.80373151,432004.290500627,4248304.64408668
"656","Toxoplasma gondii","65+","Toxoplasmosis","Direct",434888.341250861,171845.567182693,810862.597256147
"657","Toxoplasma gondii","65+","Toxoplasmosis","FrictionHigh",63376.8040260809,15375.501435696,313875.971609147
"658","Toxoplasma gondii","65+","Toxoplasmosis","FrictionLow",23766.3015097803,5765.81303838601,117703.48935343
"659","Toxoplasma gondii","65+","Toxoplasmosis","HumanCapital",79221.0050326012,19219.37679462,392344.964511434
"660","Toxoplasma gondii","65+","Toxoplasmosis","WTP",31265.9624648493,13134.6162283515,55566.6359495239
"661","Toxoplasma gondii","All Ages","All Diseases","Deaths",4595688.56155454,2110933.42392761,8986572.69295968
"662","Toxoplasma gondii","All Ages","All Diseases","Direct",2358012.17756634,1417223.36629839,3539101.39732061
"663","Toxoplasma gondii","All Ages","All Diseases","FrictionHigh",3839787.57859311,1647509.48694243,7107679.08143675
"664","Toxoplasma gondii","All Ages","All Diseases","FrictionLow",1439920.34197242,617816.05760341,2665379.65553878
"665","Toxoplasma gondii","All Ages","All Diseases","HumanCapital",4799734.47324139,2059386.85867804,8884598.85179593
"666","Toxoplasma gondii","All Ages","All Diseases","WTP",864509.614999496,367102.016109662,1582398.28430952
"667","Toxoplasma gondii","All Ages","Toxoplasmosis","Deaths",4595688.56155454,2110933.42392761,8986572.69295968
"668","Toxoplasma gondii","All Ages","Toxoplasmosis","Direct",2358012.17756634,1417223.36629839,3539101.39732061
"669","Toxoplasma gondii","All Ages","Toxoplasmosis","FrictionHigh",3839787.57859311,1647509.48694243,7107679.08143675
"670","Toxoplasma gondii","All Ages","Toxoplasmosis","FrictionLow",1439920.34197242,617816.05760341,2665379.65553878
"671","Toxoplasma gondii","All Ages","Toxoplasmosis","HumanCapital",4799734.47324139,2059386.85867804,8884598.85179593
"672","Toxoplasma gondii","All Ages","Toxoplasmosis","WTP",864509.614999496,367102.016109662,1582398.28430952
"673","Yersinia Enterocolitica","<5","All Diseases","Deaths",185125.015016173,5891.51575600123,1605830.59065227
"674","Yersinia Enterocolitica","<5","All Diseases","Direct",151366.521475185,86532.7968712633,262547.954674308
"675","Yersinia Enterocolitica","<5","All Diseases","FrictionHigh",417983.133122669,189535.993315116,795086.301541092
"676","Yersinia Enterocolitica","<5","All Diseases","FrictionLow",156743.674921001,71075.9974931686,298157.36307791
"677","Yersinia Enterocolitica","<5","All Diseases","HumanCapital",522478.916403336,236919.991643895,993857.876926365
"678","Yersinia Enterocolitica","<5","All Diseases","WTP",284068.692868409,145641.672938661,515070.914128128
"679","Yersinia Enterocolitica","<5","ReactiveArthritis","Deaths",3828.97427405786,23.305343117826,42094.9649230047
"680","Yersinia Enterocolitica","<5","ReactiveArthritis","Direct",49156.5735952318,16526.9944996067,116934.784761409
"681","Yersinia Enterocolitica","<5","ReactiveArthritis","FrictionHigh",210032.397537314,68472.4934528287,454281.897051805
"682","Yersinia Enterocolitica","<5","ReactiveArthritis","FrictionLow",78762.1490764929,25677.1850448108,170355.711394427
"683","Yersinia Enterocolitica","<5","ReactiveArthritis","HumanCapital",262540.496921643,85590.6168160359,567852.371314756
"684","Yersinia Enterocolitica","<5","ReactiveArthritis","WTP",126988.77940989,40866.0008558707,272734.623372553
"685","Yersinia Enterocolitica","<5","Yersiniosis","Deaths",172841.377131291,1264.1760327148,1587746.65706827
"686","Yersinia Enterocolitica","<5","Yersiniosis","Direct",100047.448251822,62780.7708139509,164181.357407751
"687","Yersinia Enterocolitica","<5","Yersiniosis","FrictionHigh",196146.89446881,97474.4013154899,399061.941307397
"688","Yersinia Enterocolitica","<5","Yersiniosis","FrictionLow",73555.0854258036,36552.9004933087,149648.227990274
"689","Yersinia Enterocolitica","<5","Yersiniosis","HumanCapital",245183.618086012,121843.001644362,498827.426634247
"690","Yersinia Enterocolitica","<5","Yersiniosis","WTP",157240.700455658,88231.901906276,269398.391926934
"691","Yersinia Enterocolitica","5-64","All Diseases","Deaths",2460159.41684887,818438.617704411,6534920.01777631
"692","Yersinia Enterocolitica","5-64","All Diseases","Direct",614753.272362963,354306.079313699,1075663.56175914
"693","Yersinia Enterocolitica","5-64","All Diseases","FrictionHigh",2236439.85039307,1171040.49480767,4133101.96985445
"694","Yersinia Enterocolitica","5-64","All Diseases","FrictionLow",838664.943897403,439140.185552875,1549913.23869542
"695","Yersinia Enterocolitica","5-64","All Diseases","HumanCapital",2795549.81299134,1463800.61850958,5166377.46231806
"696","Yersinia Enterocolitica","5-64","All Diseases","WTP",1173536.79988205,595399.710708206,2127457.63562645
"697","Yersinia Enterocolitica","5-64","ReactiveArthritis","Deaths",2792.93776099191,16.1256030320759,35623.0194543284
"698","Yersinia Enterocolitica","5-64","ReactiveArthritis","Direct",206072.82356488,61921.5950192056,486447.77624655
"699","Yersinia Enterocolitica","5-64","ReactiveArthritis","FrictionHigh",997053.581907263,344279.887931548,2101504.50416298
"700","Yersinia Enterocolitica","5-64","ReactiveArthritis","FrictionLow",373895.093215224,129104.957974331,788064.189061119
"701","Yersinia Enterocolitica","5-64","ReactiveArthritis","HumanCapital",1246316.97738408,430349.859914435,2626880.63020373
"702","Yersinia Enterocolitica","5-64","ReactiveArthritis","WTP",502325.714351813,171632.030534424,1050016.70932421
"703","Yersinia Enterocolitica","5-64","Yersiniosis","Deaths",2433215.21419885,807830.970099178,6532670.0256568
"704","Yersinia Enterocolitica","5-64","Yersiniosis","Direct",392176.736242146,245553.431376445,662570.362287289
"705","Yersinia Enterocolitica","5-64","Yersiniosis","FrictionHigh",1221135.452584,670917.106744154,2253925.66892165
"706","Yersinia Enterocolitica","5-64","Yersiniosis","FrictionLow",457925.794719,251593.915029058,845222.125845618
"707","Yersinia Enterocolitica","5-64","Yersiniosis","HumanCapital",1526419.31573,838646.383430192,2817407.08615206
"708","Yersinia Enterocolitica","5-64","Yersiniosis","WTP",652768.710900872,365688.303152622,1118734.782955
"709","Yersinia Enterocolitica","65+","All Diseases","Deaths",236937.898805967,6667.58129687704,1884977.6531075
"710","Yersinia Enterocolitica","65+","All Diseases","Direct",229179.675552037,152173.814760968,360092.639251601
"711","Yersinia Enterocolitica","65+","All Diseases","FrictionHigh",316527.070071319,124582.12114715,1200173.68087902
"712","Yersinia Enterocolitica","65+","All Diseases","FrictionLow",118697.651276745,46718.2954301812,450065.130329631
"713","Yersinia Enterocolitica","65+","All Diseases","HumanCapital",395658.837589149,155727.651433937,1500217.10109877
"714","Yersinia Enterocolitica","65+","All Diseases","WTP",331586.275311627,176443.925567594,589900.792285414
"715","Yersinia Enterocolitica","65+","ReactiveArthritis","Deaths",3665.31903034286,42.1584973606164,47007.4031103994
"716","Yersinia Enterocolitica","65+","ReactiveArthritis","Direct",56706.6105031521,17608.1708431617,129764.582251199
"717","Yersinia Enterocolitica","65+","ReactiveArthritis","FrictionHigh",117337.826106568,39906.1710839705,245842.824410416
"718","Yersinia Enterocolitica","65+","ReactiveArthritis","FrictionLow",44001.684789963,14964.8141564889,92191.0591539058
"719","Yersinia Enterocolitica","65+","ReactiveArthritis","HumanCapital",146672.28263321,49882.7138549631,307303.530513019
"720","Yersinia Enterocolitica","65+","ReactiveArthritis","WTP",145657.529553214,49982.5109338618,306464.867991205
"721","Yersinia Enterocolitica","65+","Yersiniosis","Deaths",225297.751518501,1561.85375014529,1880605.58395742
"722","Yersinia Enterocolitica","65+","Yersiniosis","Direct",170805.927532963,118090.597387348,257762.73816853
"723","Yersinia Enterocolitica","65+","Yersiniosis","FrictionHigh",184227.093418723,51599.9324670048,1051352.70733829
"724","Yersinia Enterocolitica","65+","Yersiniosis","FrictionLow",69085.1600320213,19349.9746751268,394257.26525186
"725","Yersinia Enterocolitica","65+","Yersiniosis","HumanCapital",230283.866773404,64499.915583756,1314190.88417287
"726","Yersinia Enterocolitica","65+","Yersiniosis","WTP",185189.285589329,104053.047816534,317126.686791463
"727","Yersinia Enterocolitica","All Ages","All Diseases","Deaths",3377665.83920621,1286929.55940393,7824743.83572474
"728","Yersinia Enterocolitica","All Ages","All Diseases","Direct",1006439.1943662,633586.456861917,1651232.99929923
"729","Yersinia Enterocolitica","All Ages","All Diseases","FrictionHigh",3037657.48956613,1640885.9309909,5600437.77453077
"730","Yersinia Enterocolitica","All Ages","All Diseases","FrictionLow",1139121.5585873,615332.224121587,2100164.16544904
"731","Yersinia Enterocolitica","All Ages","All Diseases","HumanCapital",3797071.86195766,2051107.41373862,7000547.21816346
"732","Yersinia Enterocolitica","All Ages","All Diseases","WTP",1788108.3596164,965725.553343293,3118135.01448877
"733","Yersinia Enterocolitica","All Ages","ReactiveArthritis","Deaths",19640.057657088,2759.38177603629,88311.5614286579
"734","Yersinia Enterocolitica","All Ages","ReactiveArthritis","Direct",322932.773517429,132577.146093232,655750.6871307
"735","Yersinia Enterocolitica","All Ages","ReactiveArthritis","FrictionHigh",1323184.07795239,572190.454456028,2591328.80483615
"736","Yersinia Enterocolitica","All Ages","ReactiveArthritis","FrictionLow",496194.029232147,214571.42042101,971748.301813555
"737","Yersinia Enterocolitica","All Ages","ReactiveArthritis","HumanCapital",1653980.09744049,715238.068070034,3239161.00604518
"738","Yersinia Enterocolitica","All Ages","ReactiveArthritis","WTP",787287.634332072,358066.995087116,1526492.43764059
"739","Yersinia Enterocolitica","All Ages","Yersiniosis","Deaths",3335410.44143062,1245263.26453337,7798599.15423617
"740","Yersinia Enterocolitica","All Ages","Yersiniosis","Direct",669995.724359514,449443.075242018,1062214.0973931
"741","Yersinia Enterocolitica","All Ages","Yersiniosis","FrictionHigh",1644499.56029783,899860.116517905,3206058.5509217
"742","Yersinia Enterocolitica","All Ages","Yersiniosis","FrictionLow",616687.335111688,337447.543694214,1202271.95659564
"743","Yersinia Enterocolitica","All Ages","Yersiniosis","HumanCapital",2055624.45037229,1124825.14564738,4007573.18865212
"744","Yersinia Enterocolitica","All Ages","Yersiniosis","WTP",995244.729989851,557759.69982069,1705249.32957502
